id,source_type,text,suggested_label,label,human_overrode
rnba_001,post,"Over the last 10 NBA Finals, 7 champions ranked top-5 in net rating during the regular season. The narrative that the regular season does not matter ignores how strongly sustained dominance predicts playoff success. Only the 2011 Mavs and 2006 Heat won titles from outside the top 5 in the last 20 years.",analysis,analysis,False
rnba_002,post,"The 3-point revolution is usually framed as a volume story, but the more interesting number is corner 3-point frequency. Corner threes went from roughly 3% of all field goal attempts in 2009-10 to about 8% by 2022-23. The geometry of the corner is what drove the specific shape of modern offense, not just Steph chucking from deep.",analysis,analysis,False
rnba_003,post,"Jokic's true shooting percentage this season is 66.8% on enormous volume. Most All-Star-caliber centers with similar usage land in the 58-62% range. What separates him is not just shot selection — his free throw rate (FTr of 0.41) means he is drawing fouls at a guard's rate from a center position, which compounds the efficiency advantage.",analysis,analysis,False
rnba_004,comment,"Teams that held opponents under 110 points per 100 possessions in the playoffs have won 8 of the last 10 championships. The narrative that offense wins titles now is partially true, but the teams that win it all almost always have both an elite offense and a top-10 defensive rating. Pure offensive teams without defensive identity rarely make it through four rounds.",analysis,analysis,False
rnba_005,post,"Home court advantage in 7-game series is underrated. Historical playoff data shows the home team wins roughly 63% of individual games. In Game 7s that jumps to about 77%. The Golden State dynasty was partly a story about Oracle Arena — they rarely faced elimination games on the road, which inflates how dominant they looked compared to teams that had to grind through hostile environments.",analysis,analysis,False
rnba_006,post,"LeBron's statistical longevity is genuinely unprecedented. He has averaged 25+ points per game for 20 consecutive seasons. Jordan did it for 12. Kareem for 14. If you want to argue GOAT status based on duration of elite performance rather than peak performance, LeBron's case is actually the strongest in history — that is in the box scores.",analysis,analysis,False
rnba_007,comment,"The 2015-2019 Warriors played a softer postseason schedule than the 2000s Spurs by a fairly significant margin. The West was weaker in that period — fewer teams with top-10 net ratings. The Spurs' five titles were built against consistently tougher competition, and that does not show up when people compare ring counts.",analysis,analysis,False
rnba_008,post,"Counterintuitive: mid-range shots are not as inefficient as the analytics community claims for elite shooters. The average mid-range generates about 0.85 PPP. A corner 3 generates about 1.08 PPP. That gap is real. But for a player shooting 52%+ on mid-range attempts, the efficiency reaches 1.04 PPP — close enough that the threat value shifts the calculus further.",analysis,analysis,False
rnba_009,comment,"Embiid's regular season production is undeniable — 33 and 11 this season — but his availability over his career sits around 61% of possible games. Centers who won Finals MVPs in the last decade averaged 78%+ availability in their championship runs. There is a real question about whether peak numbers matter as much as sustained availability for winning titles.",analysis,analysis,False
rnba_010,post,"Post-up frequency dropped from roughly 9% of possessions in 2012 to under 4% in 2023. It is a feedback loop: once perimeter shooting became baseline, defenses could not send help without giving up open threes. That made post situations harder to execute because the post player could not count on doubled coverage. The strategy became less viable because the surrounding context changed.",analysis,analysis,False
rnba_011,post,"The Spurs' 2003-2014 dynasty is underappreciated because they never had the media market. Five championships in 12 years, built around a system that developed overlooked talent — Manu from Argentina, Parker from France, Duncan from the Virgin Islands. Their draft hit rate on international players in that era was extraordinary before international scouting was mainstream.",analysis,analysis,False
rnba_012,comment,"For people saying the current Celtics are a dynasty: they need to win back-to-back titles first. Since 2000, teams that won consecutive championships were the Lakers (00-02), Spurs (03, plus near-back-to-backs), Heat (12-13), and Warriors (17-18). The bar for dynasty is consecutive titles — not just sustained contention.",analysis,analysis,False
rnba_013,post,"Comparing championships across eras is difficult but not impossible. The 1986 Celtics ran through a 16-game playoff bracket in a 23-team league. Modern teams run 16 games minimum against deeper talent pools with expanded international development. That does not mean you can directly compare, but raw ring counts need context.",analysis,analysis,False
rnba_014,post,"Transition defense is probably the most underreported factor in playoff basketball. Teams that gave up fewer than 12 fast break points per game in the playoffs won the title in 6 of the last 9 seasons. Transition stops prevent easy buckets and maintain defensive structure — which compounds across 6-7 game series in ways regular season numbers obscure.",analysis,analysis,False
rnba_015,comment,"The narrative that the Knicks are back is getting ahead of the data. Their net rating this season (+4.2) is legitimate but ranks them 7th in the East. Their point differential in close games suggests some luck component. Teams with that profile tend to regress in the playoffs when opponents have 7 games to adjust.",analysis,analysis,False
rnba_016,post,"Wilt's 50.4 points per game season in 1961-62 is real, but context matters. He averaged 48.5 minutes per game. The pace of play was dramatically higher — 118 possessions per game versus about 98 today. His per-possession production in that season is still excellent but roughly comparable to elite modern scorers rather than being in a category of its own.",analysis,analysis,False
rnba_017,comment,"The most underrated factor in small-ball effectiveness is the rim protection tradeoff. When you go small, you lose roughly 3-4 defensive rebounds per game but gain possessions through transition speed. The net effect depends entirely on whether your perimeter defenders can absorb more defensive responsibility — and most teams overestimate their wing defenders.",analysis,analysis,False
rnba_018,post,"Playoff clutch shooting data is counterintuitive. Players described as clutch by the media often have worse true shooting percentages in clutch situations than in regular game situations. The gap between LeBron's clutch and non-clutch TS% is smaller than Jordan's, for example. Clutch is largely a recency and memory bias — we remember the makes and forget the misses.",analysis,analysis,False
rnba_019,comment,"Kyrie's shot chart shows an extremely high volume of contested mid-range and pull-up attempts that most shot-selection models mark as inefficient. His actual efficiency on those shots is in the 95th percentile for the positions he takes them from — which is either extraordinary skill or a massive sample-size anomaly.",analysis,analysis,False
rnba_020,post,"Teams that lose in the second round often had better net ratings during the season than first-round exits but worse defensive ratings in the series. The pattern suggests second-round opponents have more time to prepare and game plan. First-round matchups against lower seeds do not require the same level of adaptation.",analysis,analysis,False
rnba_021,post,"Draymond Green's case for DPOY is stronger on advanced metrics than his two wins suggest. His Defensive Box Plus-Minus in his best seasons ranks in the top 5 all-time for a non-center. DBPM typically favors big men who block shots — a forward-sized player scoring at this level for defensive impact is genuinely rare.",analysis,analysis,False
rnba_022,comment,"Luka's regular season True Shooting (62.5%) drops to about 57.5% in the playoffs. However, his usage rate increases by roughly 6 percentage points in the playoffs, meaning he is taking harder shots under more defensive attention. The efficiency decline is real but smaller than it looks when you account for increased workload.",analysis,analysis,False
rnba_023,post,"Zone defense changed the game more than people acknowledge. Before the 2001 rule change, teams had to play man-to-man exclusively. The introduction of the zone reduced pick-and-roll effectiveness by roughly 12-15%, which forced the shift toward corner three spacing to punish overshifted zones.",analysis,analysis,False
rnba_024,comment,"Giannis's three-point percentage went from 23.8% to 25.6% in his breakout seasons — marginal but enough to shift how defenses played him. More importantly, his shot selection inside the arc improved: from forcing mid-range shots at 12% of his attempts to less than 6%. The improvement was a fundamental change in shot diet, not just raw athleticism.",analysis,analysis,False
rnba_025,post,"Second-unit scoring differential is one of the best predictors of playoff resilience. Teams whose bench outscores opponent benches by 5+ points per game in the regular season have a 67% win rate in playoff series where the starters are roughly even. Elite playoff opponents neutralize star matchups quickly, so the team whose depth can hold ground often controls the series.",analysis,analysis,False
rnba_026,post,"The 2001 Lakers went 15-1 in the playoffs. Their net rating during that run was +13.4 per 100 possessions. For context, the 2017 Warriors were +11.9 per 100 in their championship run. The 2001 Lakers were playing in a higher-pace era, but the margin over their competition was wider than any modern championship team.",analysis,analysis,False
rnba_027,comment,"Pace-adjusted stats change several conventional historical narratives. Oscar Robertson's 1961-62 triple-double season is famous, but on a per-36-minutes basis adjusted for pace, it is comparable to what Westbrook averaged in his 2016-17 season. The raw numbers look historic because pace was much higher — not because the per-possession production was uniquely transcendent.",analysis,analysis,False
rnba_028,post,"East teams sometimes have a harder road than they appear to. In years where the East has 4-5 legitimately strong teams clustered in seeds 1-5, they cannibalize each other in the second round. The conference imbalance argument is real, but the structural playoff format amplifies it by forcing strong East teams to eliminate each other early.",analysis,analysis,False
rnba_029,comment,"Shaq's MVP case in 1999-2000 is overwhelming statistically: 29.7 ppg, 13.6 rpg, 3.0 bpg on 57.4% shooting. His PER of 30.6 is the fourth-highest single-season PER in NBA history. The case for any other MVP winner that year is thin by comparison — it is one of the cleaner MVP decisions in the historical record.",analysis,analysis,False
rnba_030,post,"Three-point defense strategy has fundamentally changed since 2018. Teams now switch more aggressively on perimeter screens to prevent corner threes rather than protecting the rim first. This has created an opportunity in paint scoring — teams that attack late close-outs and over-committed switches score roughly 15% more efficiently in those situations than five years ago.",analysis,analysis,False
rnba_031,post,"The Celtics' offensive system runs a significant percentage of half-court sets through motion principles requiring all five players to read and cut. Their assist-to-turnover ratio (2.8) reflects the read-and-react nature of this system — it naturally generates more turnovers because players are making live reads rather than running scripted plays.",analysis,analysis,False
rnba_032,comment,"Centers who shoot from mid-range actually pull fewer offensive rebounds than traditional post centers — their spacing takes them away from rebounding positions. Embiid's offensive rebounding percentage (7.2%) is below average for a center of his size and usage. His value is not in second chances but in his ability to create shots in the first place.",analysis,analysis,False
rnba_033,post,"The free throw differential in playoff series is criminally underreported. Teams that get to the line at a significantly higher rate than opponents win playoff series at about a 72% clip. It is not just the points — the foul trouble it creates is what compounds across a 7-game series.",analysis,analysis,False
rnba_034,comment,"Usage rate as a metric has real limitations for comparing players across eras. A player with a 35% usage rate in 1985 was involved in a higher raw number of possessions per game than a 35% usage player today because pace was much higher. When comparing peak usage seasons historically, you have to adjust for pace.",analysis,analysis,False
rnba_035,post,"The data on injury reduction from load management is mixed, but the data on performance in load-managed players' peak years is fairly clear. Players who logged heavy minutes in their late 20s show measurably steeper declines by age 30 than players who managed minutes. The short-term entertainment cost may have a long-term quality-of-play benefit.",analysis,analysis,False
rnba_036,post,"Steal rate and block rate are actually negatively correlated at the team level — teams that pressure the ball and generate more steals tend to give up more uncontested drives, which means fewer shot-contest opportunities for their bigs. The Grizzlies in their best defensive seasons maintained both metrics simultaneously, which is extremely rare.",analysis,analysis,False
rnba_037,comment,"Kevin Durant's efficiency across multiple teams is the strongest evidence for his offensive talent being independent of system. His True Shooting was 63.8% with Golden State, 63.3% with Brooklyn, 63.1% with Phoenix, and 62.9% with OKC. The variance is essentially noise — no other player in history has maintained that level of efficiency across that many different systems.",analysis,analysis,False
rnba_038,post,"The three-team trade involving multiple picks is a recent phenomenon that has changed roster construction. Before 2015, teams rarely executed three-team deals with pick compensation — partly because pick protection clauses made valuations complex. The rise of these deals has accelerated asset accumulation for rebuilding teams.",analysis,analysis,False
rnba_039,comment,"Playoff officiating has measurably different foul-calling patterns than regular season officiating. The average number of fouls called per game drops by about 2-3 in the first round and another 1 in later rounds. This systematically advantages physical defenders and punishes teams whose offense runs through drawing fouls.",analysis,analysis,False
rnba_040,post,"The average age of championship rosters has stayed remarkably stable at around 27.8 years since 2000. The outliers are younger (2016 Cavaliers at 27.2) and older (2003 Spurs at 28.9). What the data actually shows is that prime players in the 26-30 range anchor title teams consistently — not that you need specifically young legs or veteran experience.",analysis,analysis,False
rnba_041,post,"Shot clock pressure in the final 5 seconds creates disproportionate inefficiency. League-wide TS% on possessions ending with 0-5 seconds on the shot clock is about 42%, compared to 57% on possessions with 10+ seconds. Teams that run effective sets off stagnation — deliberately burning the clock before the final action — generate significantly better results.",analysis,analysis,False
rnba_042,comment,"The argument for iso-heavy basketball comes down to matchup exploitation. When you have a player with a 15-point per 100 possessions advantage over his defender, generating a pure isolation is the highest-percentage play even if isolation basketball produces lower average efficiency. The math only works when the star actually has that kind of edge on the defender they are targeting.",analysis,analysis,False
rnba_043,post,"Jordan's six Finals came through the Eastern Conference, which in that era included the Knicks, Pacers, and Heat — legitimate defensive juggernauts. The claim is not that this was easier or harder than modern paths, but that the specific opponents force different skills than a Western Conference path through the Spurs and Jazz.",analysis,analysis,False
rnba_044,comment,"Advanced metrics do a poor job capturing defensive versatility, which is why players like Mikal Bridges and Kawhi Leonard sometimes look undervalued. The metrics capture blocks and steals but not the number of quality shot attempts prevented through positioning — which optical tracking data suggests accounts for 30-40% of defensive value in certain systems.",analysis,analysis,False
rnba_045,post,"The Warriors' Death Lineup net rating from 2015-2018 was +21.6 per 100 possessions over roughly 260 minutes. The typical champion has a best lineup net rating of +15 per 100. The efficiency was not just about spacing — it was the combination of Curry's gravity and Green's switching versatility creating no exploitable defensive weaknesses.",analysis,analysis,False
rnba_046,post,"Bench scoring distribution matters more than total bench points. Teams where one bench player generates 70%+ of bench scoring are more vulnerable in the playoffs than teams with distributed contribution. When a key reserve is injured or defended into a poor series, distributed teams adapt; single-bench-scorer teams have their rotations exposed quickly.",analysis,analysis,False
rnba_047,comment,"Players marketed as clutch typically show regression toward their overall efficiency in larger clutch sample sizes. The outliers who maintain significantly above-average clutch performance over 3+ seasons are genuinely real — but most clutch reputations are built on 15-20 memorable moments from a career of thousands.",analysis,analysis,False
rnba_048,post,"Contract structure is shaping team building in ways the box score does not show. The max contract ceiling relative to the salary cap has expanded over time, which means the maximum theoretical hit from a bad max contract has grown. Teams that signed max contracts in 2016-2019 on players who did not work out spent years with less flexibility than teams that avoided those deals.",analysis,analysis,False
rnba_049,comment,"Half-court turnovers typically lead to possessions for the opponent in their set offense. Transition turnovers feed directly into fast break opportunities. Teams with the best point differentials typically limit transition turnovers even if their half-court turnover rate is only average — transition defense is expensive in a way that set-defense recovery is not.",analysis,analysis,False
rnba_050,post,"Perimeter defense has been the limiting factor for rebuilding teams in recent drafts, not offensive development. The 2021-2023 draft classes produced several elite offensive players who struggle to guard anyone. Young teams built around offensive talent often disappoint in April because playoff offenses have more time to find and exploit weak defenders.",analysis,analysis,False
rnba_051,post,"The usage-efficiency tradeoff is real but overstated for generational talents. For average NBA players, efficiency declines meaningfully above a 28% usage rate. For elite shot creators like Curry, Durant, and Tatum, the efficiency decline at high usage is significantly smaller — often 1-2% True Shooting compared to 4-6% for typical high-usage players.",analysis,analysis,False
rnba_052,comment,"Historical rebounding numbers look more impressive than modern numbers partly because pace was higher and partly because offensive rebounding philosophy was different. Teams used to send more players to the offensive glass aggressively, which created more second chances but also more transition defense vulnerability. The move away from offensive rebounding is a strategic choice with real trade-offs.",analysis,analysis,False
rnba_053,post,"Rim protection metrics have become more precise since optical tracking was introduced in 2013-14. Before tracking, we only knew a player's block total. With tracking, we can measure shot frequency when a specific defender is the nearest man — players who deter shots without blocking them show up much better in modern data because their deterrence effect was previously invisible.",analysis,analysis,False
rnba_054,comment,"The salary cap hard/soft distinction has a measurable effect on competitive balance. Under the soft cap with luxury tax, teams can pay over the cap to retain their own players, which creates an advantage for teams in large markets who can sustain the tax. The same 8-10 franchises have appeared in Finals consistently since 1984 despite the ostensibly level playing field.",analysis,analysis,False
rnba_055,post,"The argument that modern players would dominate in any era is partially but not entirely true. Certain skill sets translate universally — shooting, passing, footwork. But sports medicine, nutrition, and training methodology have genuinely advanced such that the physical preparation gap would affect how 1980s players performed against modern training regimens.",analysis,analysis,False
rnba_056,comment,"Kobe's true shooting percentage (55.0% career) looks below average by modern standards, but it is higher than every shooting guard from his era who relied heavily on isolation and post scoring. The right comparison group is not modern players — it is players who ran a similar volume of contested isolation attempts in the same era.",analysis,analysis,False
rnba_057,post,"The 2004 Detroit Pistons are the best example of a system-first championship team in modern history. No player on their starting five made first-team All-NBA that season. Their net rating differential was built entirely on defensive structure — they gave up the fewest points per possession in the league in the playoffs.",analysis,analysis,False
rnba_058,comment,"The 2015-16 San Antonio Spurs had a defensive rating of 95.0 per 100 possessions — the lowest in the shot-clock era. They had five players who could reasonably be called elite defenders by advanced metric standards. They lost to the Warriors in the second round despite this, which tells you something important about offensive firepower eventually overcoming elite defense.",analysis,analysis,False
rnba_059,post,"Studies attempting to isolate coaching contributions using lineup data suggest that elite coaches add approximately 4-6 wins per season above a replacement-level coach with identical rosters. Over a 5-year period, a great coach might account for 20-30 extra wins, which translates to playoff seeding and home court advantages that compound into title opportunities.",analysis,analysis,False
rnba_060,comment,"Shot blockers who also move their feet defensively are significantly more valuable than their block totals suggest. A big man who blocks shots but cannot defend in space is a liability in modern lineups. Wembanyama's defensive value is not just his blocks — it is that he can cover ground to contest perimeter shots while also patrolling the paint.",analysis,analysis,False
rnba_061,post,"Curry's off-ball attention rate — how often a defender is within 4 feet of him when he does not have the ball — is among the highest ever recorded with tracking data. This means his teammates get cleaner looks even when he is not touching the ball, which is why the Warriors' offense drops significantly when he sits even in minutes his direct stats suggest rest is warranted.",analysis,analysis,False
rnba_062,comment,"Draft pick value is consistently overestimated in trade negotiations. The probability distribution of outcomes for unprotected late lottery picks is much wider than teams act like it is — roughly a 60% chance a pick outside the top 4 does not produce a meaningful starter. Teams that built well through the draft overloaded on picks so the law of large numbers worked for them.",analysis,analysis,False
rnba_063,post,"The pace of play adjustment changes how we view the Stockton-Malone Jazz. Their regular season performances happened in a higher-pace era than the mid-2000s Spurs. Adjusted for pace and defensive era, their offensive numbers are roughly equivalent to the best offensive teams of the 2010s — they were genuinely among the most efficient offenses of the modern era.",analysis,analysis,False
rnba_064,comment,"Coaches who won their first title made the most significant tactical adjustment between Games 3 and 5 of close series — going smaller, changing defensive assignments, or installing a new offensive action. That pattern is consistent enough across multiple championships that it reflects expertise, not coincidence.",analysis,analysis,False
rnba_065,post,"Being selected to 10+ All-Star games is a reliable Hall of Fame predictor, but players with 5-7 selections are inducted at roughly a 50% rate — which means half of solid All-Star-level careers do not make the Hall. The selection criteria seems to weight championships and statistical peaks more heavily than sustained All-Star level production.",analysis,analysis,False
rnba_066,post,"LeBron is clearly in decline. His playoff performances have not carried teams the way they used to. Anyone still putting him in the GOAT conversation over Jordan is just coping at this point.",hot_take,,False
rnba_067,comment,"Kyrie Irving is the most skilled player in NBA history. His handles are on another level. If he actually cared about winning, he would have 6 rings.",hot_take,,False
rnba_068,post,"The three-point revolution ruined basketball. Centers cannot even play in the paint anymore without getting pulled out to the perimeter. The game was so much more beautiful before Steph Curry happened.",hot_take,,False
rnba_069,comment,"Russell Westbrook was never a top-5 player in the league. He put up stats on bad teams in a weak era of the West. The MVP he won should have gone to Harden.",hot_take,,False
rnba_070,post,"Kawhi Leonard is the most overrated player of his generation. Two titles, but one was on a stacked Spurs team he eventually burned and one was with a stacked Raptors team. He gets way too much credit for just being healthy enough to play.",hot_take,,False
rnba_071,comment,"Durant is soft and always will be. He joined the Warriors after blowing a 3-1 lead because he could not beat them. A real competitor stays and figures it out.",hot_take,,False
rnba_072,post,"The Knicks are going to win the championship this year. The energy in MSG is unmatched, Brunson is elite, and the rest of the league is sleeping on them. Mark my words.",hot_take,,False
rnba_073,comment,"Playoff Rondo was a top-3 point guard of all time. No one in the modern era can match his playoff IQ and ability to elevate his game when it mattered.",hot_take,,False
rnba_074,post,"James Harden's legacy is going to be great regular season player and playoff choker. No matter what happens from here, that is the headline. Numbers do not matter if you cannot deliver when it counts.",hot_take,,False
rnba_075,comment,"OKC's first-round exit proves they are not as good as their record says. Regular season padding against bad teams. Presti will be selling hope again by next season.",hot_take,,False
rnba_076,post,"Giannis is a product of the system. Put him on the Jazz in 2004 and he averages 14 and 8. His game is essentially one move — drive to the rim — and eventually teams will just build a wall there and shut him down completely.",hot_take,,False
rnba_077,comment,"The Warriors dynasty was the worst thing to ever happen to competitive basketball. Four years of them just running teams off the floor was not entertainment — it was torture, and the league let it happen for ratings.",hot_take,,False
rnba_078,post,"Trae Young will never win a championship. His defense is a liability that playoff teams will always find and exploit. He is the definition of a stats compiler.",hot_take,,False
rnba_079,comment,"Zion Williamson is a bust, full stop. With his physical gifts and the team built around him, he should have multiple All-Star appearances and at least one playoff series win by now. Instead, perpetually injured and disinterested.",hot_take,,False
rnba_080,post,"Stephen Curry is the greatest player in NBA history. Not Jordan. Not LeBron. Curry changed the entire sport and won titles without needing to go somewhere better — he made his team better by his presence alone.",hot_take,,False
rnba_081,comment,"The Celtics are mentally soft. Every year they are supposed to be the favorites and every year they find a new way to embarrass themselves in the playoffs. It is a culture issue, not a talent issue.",hot_take,,False
rnba_082,post,"Kobe Bryant was a better player than LeBron James. Better scorer, better clutch player, better competitor. The stats favor LeBron but stats cannot measure heart, and Kobe had more of it than anyone in the league's history.",hot_take,,False
rnba_083,comment,"The league is soft. Players nowadays flop and complain to the refs constantly. In the 80s and 90s they played through actual physical defense and the game was better for it.",hot_take,,False
rnba_084,post,"Anthony Davis is the ultimate what-could-have-been player. Generational talent, completely wasted because he only shows up when he feels like it. If he had Kobe's mentality he would be a legend. Instead he is a cautionary tale.",hot_take,,False
rnba_085,comment,"Embiid crying at the MVP announcement makes me less impressed, not more. Winning an award you have won before should not reduce you to tears on a basketball court. That tells you everything about his mentality.",hot_take,,False
rnba_086,post,"The NBA regular season is completely meaningless. 82 games to figure out seeding no one cares about. Reduce it to 50 games and actually give the product some urgency.",hot_take,,False
rnba_087,comment,"Luka Doncic is a one-dimensional offensive player with a huge contract who disappears in big moments. He will never win a ring because his defense is too bad and his maturity is too low.",hot_take,,False
rnba_088,post,"The media is completely biased toward LeBron. He gets a free pass for every team failure because the narrative around him was set in stone in 2007. Other players would have been destroyed for the Finals exits he has had.",hot_take,,False
rnba_089,comment,"Point guards are now the most important position in basketball and have been for 20 years. Any team without an elite point guard is just spinning its wheels. Centers are basically interchangeable roleplayers now.",hot_take,,False
rnba_090,post,"Phoenix has been mismanaged worse than any franchise in modern sports history. They drafted and developed talent for years and then traded it all away for aging stars. The ownership is corrupt and the front office has no vision.",hot_take,,False
rnba_091,comment,"Wembanyama is the most hyped prospect in NBA history and he hasn't done anything yet. One good season doesn't erase the fact that he's still unproven. People are acting like he's already Jordan.",hot_take,,False
rnba_092,post,"The MVP award is a joke. It is a media award, not a basketball award. The voters watch ESPN highlights and give it to whoever had the most dramatic narrative that season. Half the time the best player in the league doesn't win it.",hot_take,,False
rnba_093,comment,"Ja Morant has no one to blame but himself for his career stalling out. Generational athleticism and he cannot stay out of his own way. Some players just do not want it badly enough.",hot_take,,False
rnba_094,post,"The Chicago Bulls of the 1990s would destroy any modern team by 40 points a night. The athleticism, the defense, the coaching — they were operating on a level the current game just does not have. The 2017 Warriors might have been close but the Bulls would still win.",hot_take,,False
rnba_095,comment,"European players are fundamentally more skilled at basketball than American players now. The AAU system has completely destroyed the development of American talent. The best players in the league in 10 years will be mostly international.",hot_take,,False
rnba_096,post,"The Heat culture is overhyped. Every year they are supposed to be gritty and battle-hardened and every year something goes wrong in the playoffs. Eventually Heat culture is going to have to answer for multiple first-round exits.",hot_take,,False
rnba_097,comment,"Jokic doesn't deserve his MVP awards. He plays in the West where teams are weaker and his team doesn't have the talent around him to actually compete for a title. He is great but he is not three-time MVP great.",hot_take,,False
rnba_098,post,"Coaches do not matter in the NBA. Give a team of superstars to any competent coach and they will win. The proof is how often players change coaches and continue performing at the same level. The players are the product.",hot_take,,False
rnba_099,comment,"Player empowerment ruined team building. Superstars now just collude and demand trades to each other and the rest of the league is left playing for nothing. The old system where you built teams through drafts was more interesting basketball.",hot_take,,False
rnba_100,post,"Curry without Klay Thompson and Draymond Green is a 30-point scorer on a lottery team. The system is the story, not the individual. Put any elite scorer in that system with those shooters and you get the same results.",hot_take,,False
rnba_101,comment,"Boston will always choke. It is just part of their DNA now. They have the talent, they have the coaching, and yet somehow in big moments they always let it slip. This is what they are.",hot_take,,False
rnba_102,post,"Karl Malone deserved the MVP award over Jordan in 1998. People only remember this as a wrong call because Jordan won the title that year, but Malone had a better regular season by every statistical measure.",hot_take,,False
rnba_103,comment,"Analytics are ruining the game. Every team now plays the same way — three-pointer, layup, three-pointer, layup. There is no creativity, no post games, no mid-range artistry. The analytics crowd optimized the beauty out of basketball.",hot_take,,False
rnba_104,post,"Victor Wembanyama is already in the conversation for the greatest player ever. He can do things no one his size has ever done. By the time he peaks, the GOAT debate will be over.",hot_take,,False
rnba_105,comment,"The Lakers are always going to be the Lakers. Magic. Kareem. Shaq. Kobe. LeBron. The franchise just attracts talent that other organizations cannot. It is not luck — it is the brand.",hot_take,,False
rnba_106,post,"Commissioner Silver has been terrible for the league. The game is unwatchable now with all the flopping, all the load management, all the star protection on fouls. The product has gotten objectively worse on his watch.",hot_take,,False
rnba_107,comment,"No one in the league today plays defense like Gary Payton did in the 90s. Defenders today just exist. Payton would full-court press, trash-talk, and physically dominate his matchup for 40 minutes. That era is gone.",hot_take,,False
rnba_108,post,"Dame Lillard wasted his best years in Portland to be loyal and it accomplished nothing. He had a better chance at a title with LeBron in Cleveland in 2017 than he ever had in Portland. Loyalty is a nice story, not a strategy.",hot_take,,False
rnba_109,comment,"OKC tanking for draft picks is bad for the league and everyone knows it. They should face consequences for intentionally being bad. The whole thing is a scam and Silver is letting it happen.",hot_take,,False
rnba_110,post,"Referees are the most underappreciated factor in who wins championships. The league's top stars get advantageous calls in elimination games. It is not a conspiracy — it is the NBA protecting its brand and everyone just accepts it.",hot_take,,False
rnba_111,post,"This generation of NBA players is soft compared to players from the 80s and 90s. They travel everywhere, they get foul calls for breathing, and they sit out healthy games. Real players played through everything.",hot_take,,False
rnba_112,comment,"Penny Hardaway with no injuries would have been the greatest player of his generation, better than Kobe and close to Jordan. The what-if is tragic. We will never know what he would have been.",hot_take,,False
rnba_113,post,"The NBA Draft lottery system is rigged. How many times does the same big market team end up with the top pick when they need it most? You cannot tell me there is no thumb on the scale.",hot_take,,False
rnba_114,comment,"Devin Booker is the most overrated player in basketball. He looks great on a stacked team but take away the talent around him and he is a 20-point scorer on a 30-win team.",hot_take,,False
rnba_115,post,"Load management should be illegal. If you take a max contract, you play. Fans pay hundreds of dollars to watch you and you sit out against teams you do not feel like playing. It is disrespectful to the fans.",hot_take,,False
rnba_116,comment,"Ben Simmons is the biggest bust in NBA history relative to hype and draft position. He had every physical tool in the world and refused to develop a jump shot. A shooting center has a better chance in today's league than a point guard who cannot shoot.",hot_take,,False
rnba_117,post,"The Raptors championship in 2019 was a fraud. Kawhi was injured for most of the season, they got lucky with KD going down, and they have not been relevant since. One Kawhi Leonard does not a franchise make.",hot_take,,False
rnba_118,comment,"Carmelo Anthony's career is the best example of how individual scoring does not translate to winning. 27 points per game for a decade and nothing to show for it. The proof is in the rings.",hot_take,,False
rnba_119,post,"The play-in tournament is a gimmick. It exists to keep bad teams engaged and sell more playoff tickets. It dilutes the meaning of the 82-game regular season and gives mediocre teams false hope.",hot_take,,False
rnba_120,comment,"Dwyane Wade is the most underrated player in NBA history. He was just as good as Kobe and LeBron in his prime, maybe better, but he played in a smaller market and got half the credit. If Wade played in New York or LA, he is a global icon.",hot_take,,False
rnba_121,post,"The in-season tournament is the worst idea Silver has ever had. Nobody asked for this, nobody cares about it, and it is an insult to the tradition of the regular season schedule.",hot_take,,False
rnba_122,comment,"Small market teams have no real shot at sustained success. Sure, San Antonio won five titles, but that is one franchise with one generational coach and one generational player. The odds are stacked permanently against everyone else.",hot_take,,False
rnba_123,post,"The 3-second violation is never called anymore and it is killing post defense. Big men just camp in the paint now and the league does not care. If you enforced the rule properly, the game would open up and be more interesting.",hot_take,,False
rnba_124,comment,"Kyrie on the Nets was the best basketball of his career and they blew it. If he and Durant actually cared about winning, they would still be together. Instead we got one of the biggest collapses of potential in basketball history.",hot_take,,False
rnba_125,post,"Zach LaVine is better than Bradley Beal has ever been and is not paid half as much. The basketball establishment has never properly acknowledged this because Beal plays in DC and LaVine plays in Chicago.",hot_take,,False
rnba_126,comment,"The Sacramento Kings are cursed. Every draft, every rebuild, every promising signing ends the same way. They will not win a championship in my lifetime and possibly not in the next 30 years.",hot_take,,False
rnba_127,post,"Playoff basketball is when we find out who the real players are, and Harden has failed that test every single time it counted. Great numbers during the regular season. Historically bad when his team needed him most.",hot_take,,False
rnba_128,comment,"The refs decided that series. I do not care what anyone says — that was not basketball, that was theater. Every call went one way and anyone with eyes could see it.",hot_take,,False
rnba_129,post,"Paul George is a choker. His career is defined by moments where he did not show up. You could swap any decent wing player into his role and get similar output in the regular season. In the clutch, he disappears.",hot_take,,False
rnba_130,comment,"Anthony Edwards is going to be better than LeBron was at the same age. The athleticism, the confidence, the scoring. He is a different kind of player and the league is not ready for what he is going to be in two years.",hot_take,,False
rnba_131,post,"Teams that draft big men in the lottery are wasting their picks. The league has moved past the need for traditional centers. Stop drafting 7-footers who need 3 years to develop — draft wings who can play immediately.",hot_take,,False
rnba_132,comment,"Pascal Siakam gets All-Star votes every year despite being a clear second option on a non-contending team. He is a good player, not a great one, and the Canadian basketball media has propped up his reputation beyond what his performance warrants.",hot_take,,False
rnba_133,post,"I do not care what the analytics say — Donovan Mitchell is not a franchise player. He is a good player, a really good player, but he is not the guy you build a contender around. Cleveland is going to find that out the hard way.",hot_take,,False
rnba_134,comment,"The San Antonio Spurs are never coming back. Without Popovich, they are just another franchise. His system was the magic, and you cannot replace a 25-year genius with a first-time head coach and a bunch of prospects.",hot_take,,False
rnba_135,post,"Everyone is sleeping on the Detroit Pistons. They have real pieces building, a hungry young core, and nothing to lose. In three years they are going to be relevant again and people are going to act like they saw it coming.",hot_take,,False
rnba_136,comment,"The only reason the Heat are competitive every year is that Spoelstra gets players to overperform their talent. Take any other coach and that team finishes .500. Heat culture is Spoelstra culture.",hot_take,,False
rnba_137,post,"Trading for a 30-year-old star with injury history to win a title is almost never the right move, and every time a GM does it I know they are about to waste 3 years of assets on a 4th seed playoff exit.",hot_take,,False
rnba_138,comment,"Referees in this league have a quota system for how many times they will let a superstar get hit before they finally call something. Everyone knows it. The players know it. The coaches know it. Nobody says it out loud.",hot_take,,False
rnba_139,post,"Anyone who thinks the NBA is competitive right now is lying to themselves. It has been 3-4 teams every year for the last decade. The championship bracket is predictable before the season starts and everyone just goes along with it.",hot_take,,False
rnba_140,comment,"Moses Malone is criminally underrated in the GOAT conversation. Three MVP awards, a Finals MVP, and he dragged the 1982-83 Sixers to a title basically by himself. Modern fans just do not respect older eras.",hot_take,,False
rnba_141,post,"The NBA should get rid of the conferences. Just seed 1-16 by record. The current system protects bad teams in strong conferences and punishes good teams in weak ones. It has been broken for years and the league knows it.",hot_take,,False
rnba_142,comment,"Jaylen Brown winning Finals MVP over Tatum was right. Tatum is more talented but Brown has always been the actual closer on that team and it is time people admitted it.",hot_take,,False
rnba_143,post,"Victor Wembanyama at his peak will outscore Wilt Chamberlain's single season scoring record. The athleticism, the skill, the fact that he is on a team being built specifically around him — it is going to happen.",hot_take,,False
rnba_144,comment,"Every year people pick the Bucks and every year they go out in the second round. I am done believing the Giannis discourse. Show me something before I care again.",hot_take,,False
rnba_145,post,"The real reason Brooklyn collapsed is that Kyrie and Durant fundamentally do not trust each other. No amount of roster talent fixes a team where the two stars do not actually want to win together.",hot_take,,False
rnba_146,comment,"Shai Gilgeous-Alexander is going to win the MVP this year and it is not close. He has been the best player in basketball for two months running and the media is just now catching up.",hot_take,,False
rnba_147,post,"People are acting like every young team is going to become a dynasty. OKC has a promising young core, but the leap from promising to contending is the hardest thing in basketball and most teams never make it.",hot_take,,False
rnba_148,comment,"Stop pretending Ja Morant is not one of the most exciting players in the league. Whatever his off-court issues are, watching him play is different from watching anyone else. He is the most electric guard in basketball when locked in.",hot_take,,False
rnba_149,post,"The Pelicans have wasted the best years of Zion and Brandon Ingram through mismanagement and bad luck. They are the most frustrating franchise to follow because the talent has always been there and the organization just cannot get out of its own way.",hot_take,,False
rnba_150,comment,"Give me any Hall of Fame player from the 80s and 90s and they would be a starter on an NBA team today. The idea that players have gotten so much better that legends from other eras would struggle is disrespectful to the history of the game.",hot_take,,False
rnba_151,post,"The reason teams keep hiring experienced coaches who have already failed is that the league is risk-averse and owners prefer a known quantity over a potentially great first-timer. It is why coaching diversity has stalled — it is the same recycled names year after year.",hot_take,,False
rnba_152,comment,"Dame Lillard was never as good as he was marketed. Great regular season player in a weak conference, first-round and second-round exits, and a Finals run that ended early. The narrative was always bigger than the results.",hot_take,,False
rnba_153,post,"The NBA is a worse product than the WNBA right now. The level of team basketball, the unselfishness, the actual competition — I would rather watch an A'ja Wilson game than a LeBron game at this point.",hot_take,,False
rnba_154,comment,"Ben Simmons ruined the 76ers. A franchise built around an All-Star-caliber player and he decided he did not want to play anymore. The damage he did to that locker room and that front office will take years to repair.",hot_take,,False
rnba_155,post,"The Chicago Bulls will not be relevant for another decade. Wrong draft picks, no identity, no real star. At some point you have to admit that Arturas Karnisovas has not done what he was hired to do and move on.",hot_take,,False
rnba_156,comment,"CURRY FROM HALF COURT AT THE BUZZER. NO WAY. I AM LOSING MY MIND. BEST THING I HAVE EVER SEEN IN MY LIFE.",reaction,,False
rnba_157,post,"Did you see that Wembanyama block? He covered half the court in two steps and rejected it into the third row. Whatever you think about the NBA right now, you need to be watching this kid.",reaction,,False
rnba_158,comment,"Giannis just hit a step-back three to send it to overtime. I have never seen anything this large do that. My brain is broken.",reaction,,False
rnba_159,post,"They just announced that KD is out for the rest of the series. This is devastating. The series completely changes now. Phoenix without him is a totally different team.",reaction,,False
rnba_160,comment,"THE GAME 7. IT IS A GAME 7. THEY ARE GOING TO A GAME 7. I cannot handle this right now.",reaction,,False
rnba_161,post,"The trade deadline just blew up — the Nets are apparently in a 4-team deal involving multiple first-round picks. This changes the whole Eastern Conference picture overnight.",reaction,,False
rnba_162,comment,"Embiid just went down holding his knee. Please no. Please. This cannot happen again.",reaction,,False
rnba_163,post,"I watched that Tatum buzzer beater about 40 times already. The way he elevated over two defenders, the arc, the fall. I have been a fan for 20 years and that was the best moment I have ever watched live.",reaction,,False
rnba_164,comment,"How is that not a foul?! He grabbed his arm on the way up! That has been a foul all season! The refs are absolutely cooked tonight.",reaction,,False
rnba_165,post,"LeBron just broke Kareem's all-time scoring record. Whatever you think of the GOAT debate, this moment deserves respect. 38,000+ points. That number is not real.",reaction,,False
rnba_166,comment,"I live in Denver and the city is losing its mind right now. Every car honking, people running in the streets. This is the greatest night in Nuggets history. I am crying and I am not ashamed of it.",reaction,,False
rnba_167,post,"They just traded Jaylen Brown. I am in shock. I cannot believe what I am reading. The Celtics gave up a cornerstone of their team. I need a minute.",reaction,,False
rnba_168,comment,"That flagrant on Ja with 30 seconds left changed the whole series. You cannot make a call like that in a playoff game and then explain it away with a press release. This is unacceptable.",reaction,,False
rnba_169,post,"Chet Holmgren with 32 and 12 against a Finals opponent in Game 5. Whatever happens next, that performance deserved to be witnessed.",reaction,,False
rnba_170,comment,"The crowd in Boston right now is the most intimidating atmosphere I have ever seen on a basketball broadcast. You can feel it through the screen. TD Garden is different in the playoffs.",reaction,,False
rnba_171,post,"Breaking: Damian Lillard signing with the Milwaukee Bucks as a free agent. Did not see this coming at all. The East just completely reshuffled.",reaction,,False
rnba_172,comment,"The Doncic trade is actually real. He is a Laker. I do not know what to do with this information. The entire league just changed.",reaction,,False
rnba_173,post,"Anthony Davis with 40 in a playoff game when the Lakers needed it most. I know people clown him for availability but when he is locked in like tonight, that was a special performance.",reaction,,False
rnba_174,comment,"Final buzzer hits and the Warriors are knocked out in the first round. The dynasty is over. It was incredible while it lasted. Thank you for everything, Steph.",reaction,,False
rnba_175,post,"Klay just hit 7 threes in a quarter. SEVEN. IN ONE QUARTER. That is not basketball, that is witchcraft. The Celtics fans are in complete silence.",reaction,,False
rnba_176,comment,"Just saw the injury report: Kawhi is questionable for Game 5 with knee soreness. At this point I expect the worst. I need a drink.",reaction,,False
rnba_177,post,"The first quarter of this game has been the sloppiest thing I have watched this season. Seven turnovers in 12 minutes. Both teams look like they are half asleep. What is happening?",reaction,,False
rnba_178,comment,"He airballed it. Game on the line, open look, and he completely missed the rim. I am staring at my phone and I cannot believe what I just watched.",reaction,,False
rnba_179,post,"Wembanyama just won Defensive Player of the Year in his second season. Second year. He is not even close to his peak yet. This is what the next era of basketball looks like.",reaction,,False
rnba_180,comment,"The Spurs got the first pick again. AGAIN. How. How does this keep happening. San Antonio is going to accidentally build another dynasty through the lottery.",reaction,,False
rnba_181,post,"Ja is back. First game of the season and he had 30 and 12 with 6 steals. Whatever happened in the offseason, he looked like a man possessed. Welcome back.",reaction,,False
rnba_182,comment,"They just ejected Draymond in the fourth quarter of a playoff game FOR THE SECOND NIGHT IN A ROW. This is a circus. The Warriors are imploding in real time.",reaction,,False
rnba_183,post,"Overtime 2 in a Game 7. I have work tomorrow. I do not care. I am not sleeping until this is done. This is why basketball is the greatest sport on earth.",reaction,,False
rnba_184,comment,"The play-in loss hurts worse than a first-round exit. At least in the first round you are in the playoffs. Getting knocked out before the bracket even starts feels uniquely embarrassing.",reaction,,False
rnba_185,post,"Kyrie came back to Cleveland and scored 38 points. The electricity in that building was unlike anything I have ever watched. Whatever you think about him, that was a fascinating basketball story.",reaction,,False
rnba_186,comment,"Tatum just went down grabbing his ankle. He is on the floor and the trainer is out. I cannot watch this.",reaction,,False
rnba_187,post,"The final play was the ugliest possession I have seen in a playoff game this decade. Four dribbles into a crowd, no second option, ball off the side of the backboard. How did they run that?",reaction,,False
rnba_188,comment,"Bron just dunked on that 7-footer like he was standing still. The man is 39 years old. It is not possible that this is happening.",reaction,,False
rnba_189,post,"Jokic won his fourth MVP. The press conference where he said he does not care about awards and just wants to play basketball with his friends was the most authentic thing an elite athlete has said in 20 years.",reaction,,False
rnba_190,comment,"The Heat just signed Jimmy Butler to an extension. Great move. Keep the core together. That locker room needs Jimmy and Jimmy needs that locker room.",reaction,,False
rnba_191,post,"The game just ended and I genuinely do not know what I watched. Two overtimes, 8 lead changes in the final 3 minutes, and a final possession that looked like it was designed by someone who has never watched basketball.",reaction,,False
rnba_192,comment,"Steph Curry at 36 years old just scored 46 points on 17-of-25 shooting. There is no explanation for this. He is operating outside the normal rules that apply to human beings.",reaction,,False
rnba_193,post,"Mamba Day, every year, hurts a little differently. Watched the highlights again tonight. I do not think I will ever stop missing what could have been.",reaction,,False
rnba_194,comment,"The refs just called a game-sealing foul with 4 seconds left on a play where the contact happened a full second before the shot went up. I have lost all faith in the officiating system.",reaction,,False
rnba_195,post,"Luka with 60 points in a playoff game. Sixty. In the playoffs. On 22-of-34 shooting. I understand this is real but my brain is refusing to accept it.",reaction,,False
rnba_196,comment,"They kept Horford in the game with two early fouls in the first half. He just fouled out in the third quarter. Can someone explain that lineup decision please? Anyone?",reaction,,False
rnba_197,post,"Whatever happens in this series, tonight's performance from Tyrese Haliburton is the best I have seen from him. Ice in his veins in the final four minutes. He looked like a different player.",reaction,,False
rnba_198,comment,"The buzzer sounds. I literally collapsed onto my couch. This team took everything from me emotionally for 6 games and they finally delivered. Worth every second.",reaction,,False
rnba_199,post,"CP3 just announced he is retiring. He never got his ring and that will always sting. But his legacy is secure — one of the most skilled point guards in NBA history, period.",reaction,,False
rnba_200,comment,"That prospect just went undrafted. HOW. He was one of the best players in college basketball all year. The NBA Draft is an absolute mystery sometimes.",reaction,,False
rnba_201,post,"This is Donovan Mitchell's seventh straight 30-point game in the playoffs. At what point do we start the conversation about whether he is elite? Because whatever that threshold is, I think he is there.",reaction,,False
rnba_202,comment,"The halftime score is 72-38. In 24 minutes. I have never seen a blowout develop this fast in a playoff game. At some point you have to ask if anyone wants to be on the floor for the second half.",reaction,,False
rnba_203,post,"Ingram just signed somewhere else in free agency. I am not even surprised anymore. This is what being a Pelicans fan feels like. Something always goes wrong right when it should not.",reaction,,False
rnba_204,comment,"The walk-off three from the corner to end overtime. Historic. I do not know if that makes any official record book but everyone in that building will remember it forever.",reaction,,False
rnba_205,post,"Draymond just got suspended again. Fourth suspension this season. I am not even angry anymore. He is just a force of nature at this point and you either accept it or you do not.",reaction,,False
rnba_206,comment,"The halftime deficit is 34 points. In a playoff game. I turned the TV off and I am going to bed. There is no basketball reason to watch the second half of this.",reaction,,False
rnba_207,post,"I drove 6 hours to see this game. I am not going to say anything else about that.",reaction,,False
rnba_208,comment,"Jokic with a triple-double in the fourth quarter by himself. Points and rebounds and assists in a 12-minute span that covered half the team's production. This man.",reaction,,False
rnba_209,post,"The series is tied 3-3. These are my favorite words in sports. Six games of basketball with everything on the line in one winner-take-all game. I live for this.",reaction,,False
rnba_210,comment,"Celtics just won their 18th championship. I have been a fan since 1984. I have waited for this for a long time. I do not know what to do with myself right now.",reaction,,False
rnba_211,post,"Anthony Edwards just posterized a 7-footer for the third time this season. I do not know the physics of how that is possible given their height difference but I have watched it happen three times.",reaction,,False
rnba_212,comment,"The broadcast just showed a fan crying in the stands. Same, buddy. Completely same.",reaction,,False
rnba_213,post,"Third overtime in a game that started at 8:30. I have to be up at 6. I am watching every second of this. No regrets. This is what I signed up for when I picked a team.",reaction,,False
rnba_214,comment,"The look on Giannis's face when they announced they had traded for Dame was everything. You could see him think we are going to win a championship. I felt that from my couch.",reaction,,False
rnba_215,post,"The final game 7 buzzer sounds and I am sitting there in complete silence. Then my roommate starts screaming. Then I start screaming. Then the neighbors banged on the wall. Best basketball moment I have had in 10 years.",reaction,,False
rnba_216,comment,"Curry just passed Ray Allen for most three-pointers in NBA history. He surpassed an all-time record with a pull-up three in transition like it was nothing. The crowd lost it and honestly so did I.",reaction,,False
rnba_217,post,"The trade just posted: Harden to the Clippers. I have read it five times. It still does not make sense to me. What are the Sixers getting out of this? What are the Clippers thinking? What is happening?",reaction,,False
rnba_218,comment,"Giannis just left the court in a boot and is heading to the locker room. Season might be over. Prayers up. That is not even about basketball — that is a person's health.",reaction,,False
rnba_219,post,"The overtime buzzer sounds off a banked half-court shot. Game tied. I have been watching the NBA for 30 years and I have never seen a sequence like the one that just happened. Completely unreal.",reaction,,False
rnba_220,comment,"Last 30 seconds. Down 2. Possession. Timeout. This is why I have not slept in three days. I will watch every single second of this until the buzzer sounds.",reaction,,False
